OM,0
SR,0+45
SR00,0
SR01,0
SR02,0
SR03,0
SR04,0
SR05,0
SR06,0
SR07,0
SR08,0
SR09,0
SR10,0
SR11,0
SR12,0
SR13,0
SR14,0
SR15,0
SR16,0
SR17,0
SR18,0
SR19,0
SR20,0
SR21,0
SR22,0
SR23,0
SR24,0
SR25,0
SR26,0
SR27,0
SR28,0
SR29,0
SR30,0
SR31,0
SR32,0
SR33,0
SR34,0
SR35,0
SR36,0
SR37,0
SR38,0
SR39,0
SR40,0
SR41,0
SR42,0
SR43,0
SR44,0
SR45,0
SR46,0
SR47,0
SR48,0
SR49,0
SR50,0
SR51,0
SR52,0
SR53,0
SR54,0
SR55,0
SR56,0
SR57,0
SR58,0
SR59,0
SR60,0
SR61,0
SR62,0
SR63,0
SR64,0
SR65,0
SR66,0
SR67,0
SR68,0
SR69,0
SR70,0
SR71,0
SR72,0
SR73,0
SR74,0
SR75,0
SR76,0
SR77,0
SR78,0
SR79,0
SR80,0
SR81,0
SR82,0
SR83,0
SR84,0
SR85,0
SR86,0
SR87,0
SR88,0
SR89,0+45
SR90,0
SR91,0
SR92,0
SR93,0
SR94,0
SR95,0
SR96,0
SR97,0
SR98,0
SR99,0+45
HY,0+111
HY00,0
HY01,0
HY02,0
HY03,0
HY04,0
HY05,0
HY06,0
HY07,0
HY08,0
HY09,0
HY10,0+111
HY11,0
HY12,0
HY13,0
HY14,0
HY15,0
HY16,0
HY17,0
HY18,0
HY19,0
HY20,0+111
HY21,0+111
HY22,0+111
HY23,0+111
HY24,0
HY25,0
HY26,0
HY27,0
HY28,0
HY29,0
HY30,0+111
HY31,0+111
HY32,0+111
HY33,0+111
HY34,0+111
HY35,0+111
HY36,0
HY37,0
HY38,0
HY39,0
HY40,0+111
HY41,0+111
HY42,0+111
HY43,0+111
HY44,0+111
HY45,0+111
HY46,0
HY47,0
HY48,0
HY49,0
HY50,0+111
HY51,0+111
HY52,0+111
HY53,0+111
HY54,0+111
HY55,0+111
HY56,0
HY57,0
HY58,0
HY59,0
HY60,0+111
HY61,0+111
HY62,0+111
HY63,0+111
HY64,0+111
HY65,0
HY66,0
HY67,0
HY68,0
HY69,0
HY70,0
HY71,0
HY72,0
HY73,0+111
HY74,0+111
HY75,0+111
HY76,0
HY77,0
HY78,0
HY79,0
HY80,0
HY81,0
HY82,0
HY83,0
HY84,0
HY85,0
HY86,0
HY87,0
HY88,0
HY89,0
HY90,0
HY91,0
HY92,0
HY93,0
HY94,0
HY95,0
HY96,0
HY97,0
HY98,0
HY99,0
TQ,0+13+14+15+16+17+18+19+20+21+24
TQ00,0+13
TQ01,13
TQ02,13
TQ03,13+17
TQ04,17
TQ05,17
TQ06,17+21
TQ07,17+21+24
TQ08,21+24
TQ09,20+21+24
TQ10,0+13
TQ11,13
TQ12,13
TQ13,13+17
TQ14,17
TQ15,17
TQ16,17+21
TQ17,17+21
TQ18,21
TQ19,20+21
TQ20,0+13+14
TQ21,13+14
TQ22,13+14
TQ23,13+14+17
TQ24,17
TQ25,17
TQ26,17
TQ27,17+21
TQ28,21
TQ29,20+21
TQ30,0+13+14
TQ31,13+14
TQ32,13+14
TQ33,14+17
TQ34,17
TQ35,16+17
TQ36,16+17
TQ37,16+17+18+21
TQ38,16+17+18+21
TQ39,18+20+21
TQ40,0+14
TQ41,14
TQ42,14
TQ43,14+16+17
TQ44,14+16+17
TQ45,16+17
TQ46,16
TQ47,16+18
TQ48,0+16+18
TQ49,18+19
TQ50,14
TQ51,14
TQ52,14
TQ53,14+16
TQ54,14+16
TQ55,16
TQ56,16
TQ57,0+16+18
TQ58,0+16+18
TQ59,18
TQ60,0+14
TQ61,14
TQ62,14+16
TQ63,14+16
TQ64,15+16
TQ65,15+16
TQ66,16
TQ67,0+16+18
TQ68,18
TQ69,18
TQ70,0+14
TQ71,14
TQ72,14+15+16
TQ73,15+16
TQ74,15+16
TQ75,15+16
TQ76,0+15+16
TQ77,0+15+16+18
TQ78,0+16+18
TQ79,18
TQ80,0+14
TQ81,0+14
TQ82,14+15
TQ83,15
TQ84,15
TQ85,15
TQ86,0+15
TQ87,0+15+16
TQ88,0+16+18
TQ89,0+18
TQ90,0
TQ91,0+14+15
TQ92,0+14+15
TQ93,15
TQ94,15
TQ95,15
TQ96,0+15
TQ97,0+15+16
TQ98,0+18
TQ99,0+18
TW,0
NM,0+97+98+102+103+104
NM00,0
NM01,0
NM02,0
NM03,0
NM04,0+103
NM05,0+103
NM06,0
NM07,0
NM08,0
NM09,0
NM10,0
NM11,0
NM12,0
NM13,0
NM14,0
NM15,0+103
NM16,0+103
NM17,0
NM18,0
NM19,0+104
NM20,0
NM21,0+103
NM22,0+103
NM23,0+103
NM24,0+103
NM25,0+103
NM26,0+103
NM27,0
NM28,0
NM29,0+104
NM30,0
NM31,0+103
NM32,0+103
NM33,0+103
NM34,0+103
NM35,0+103
NM36,0
NM37,0+104
NM38,0+104
NM39,0+104
NM40,0+102
NM41,0+103
NM42,0+103
NM43,0+103
NM44,0+103
NM45,0+103
NM46,0+97
NM47,0+97+104
NM48,0+104
NM49,0+104
NM50,0
NM51,0+103
NM52,0+103
NM53,0+103
NM54,0+97+103
NM55,0+97+103
NM56,0+97
NM57,0+97
NM58,0
NM59,0+104
NM60,0+102
NM61,0+102+103
NM62,0+103
NM63,0+103
NM64,0+97+103
NM65,0+97
NM66,0+97
NM67,0+97
NM68,0+97
NM69,0+97
NM70,0+98+102
NM71,0+98+102
NM72,0+98+103
NM73,0+97+98+103
NM74,0+97+103
NM75,0+97
NM76,0+97
NM77,0+97
NM78,0+97
NM79,0+97
NM80,0+98
NM81,0+98
NM82,0+98
NM83,0+98
NM84,0+97+98
NM85,0+97
NM86,0+97
NM87,97
NM88,97
NM89,0+97
NM90,98
NM91,98
NM92,98
NM93,0+98
NM94,0+98
NM95,0+97+98
NM96,0+97
NM97,0+97
NM98,97
NM99,97
NB,0+105+110
NB00,0+110
NB01,0+110
NB02,0+110
NB03,0+110
NB04,0
NB05,0
NB06,0
NB07,0
NB08,0
NB09,0
NB10,0+110
NB11,0+110
NB12,0+110
NB13,0+110
NB14,0+110
NB15,0
NB16,0
NB17,0
NB18,0
NB19,0
NB20,0+110
NB21,0+110
NB22,0+110
NB23,0+110
NB24,0+110
NB25,0+110
NB26,0
NB27,0
NB28,0
NB29,0
NB30,0+110
NB31,0+110
NB32,0+110
NB33,110
NB34,0+110
NB35,0+110
NB36,0
NB37,0
NB38,0
NB39,0
NB40,0+110
NB41,0+110
NB42,0+110
NB43,0+110
NB44,0+110
NB45,0+110
NB46,0+110
NB47,0
NB48,0
NB49,0
NB50,0
NB51,0
NB52,0+110
NB53,0+110
NB54,0+110
NB55,0+110
NB56,0+110
NB57,0
NB58,0
NB59,0
NB60,0
NB61,0
NB62,0
NB63,0
NB64,0
NB65,0
NB66,0
NB67,0
NB68,0
NB69,0
NB70,0
NB71,0
NB72,0
NB73,0
NB74,0
NB75,0
NB76,0
NB77,0
NB78,0
NB79,0
NB80,0
NB81,0
NB82,0
NB83,0
NB84,0
NB85,0
NB86,0
NB87,0
NB88,0
NB89,0
NB90,0+105
NB91,0+105
NB92,0
NB93,0
NB94,0
NB95,0
NB96,0
NB97,0
NB98,0
NB99,0
JL,0
JW,0
NU,0+67+68
NU00,67+68
NU01,68
NU02,68
NU03,68
NU04,0+68
NU05,0+68
NU06,0
NU07,0
NU08,0
NU09,0
NU10,67+68
NU11,68
NU12,68
NU13,0+68
NU14,0+68
NU15,0
NU16,0
NU17,0
NU18,0
NU19,0
NU20,0+67+68
NU21,0+68
NU22,0+68
NU23,0+68
NU24,0
NU25,0
NU26,0
NU27,0
NU28,0
NU29,0
NU30,0
NU31,0
NU32,0
NU33,0
NU34,0
NU35,0
NU36,0
NU37,0
NU38,0
NU39,0
NU40,0
NU41,0
NU42,0
NU43,0
NU44,0
NU45,0
NU46,0
NU47,0
NU48,0
NU49,0
NU50,0
NU51,0
NU52,0
NU53,0
NU54,0
NU55,0
NU56,0
NU57,0
NU58,0
NU59,0
NU60,0
NU61,0
NU62,0
NU63,0
NU64,0
NU65,0
NU66,0
NU67,0
NU68,0
NU69,0
NU70,0
NU71,0
NU72,0
NU73,0
NU74,0
NU75,0
NU76,0
NU77,0
NU78,0
NU79,0
NU80,0
NU81,0
NU82,0
NU83,0
NU84,0
NU85,0
NU86,0
NU87,0
NU88,0
NU89,0
NU90,0
NU91,0
NU92,0
NU93,0
NU94,0
NU95,0
NU96,0
NU97,0
NU98,0
NU99,0
SN,0+41+42+43+44+45+46+47+48
SN00,0+45
SN01,0+44+45
SN02,44+45
SN03,0+45
SN04,0+45
SN05,0
SN06,0
SN07,0
SN08,0
SN09,0
SN10,0+44+45
SN11,44+45
SN12,44+45
SN13,45
SN14,0+45+46
SN15,0+45+46
SN16,0
SN17,0
SN18,0
SN19,0
SN20,0+44
SN21,0+44
SN22,44+45
SN23,44+45
SN24,44+45+46
SN25,0+46
SN26,0
SN27,0
SN28,0
SN29,0
SN30,0+44
SN31,0+44
SN32,44
SN33,44+46
SN34,44+46
SN35,0+46
SN36,0+46
SN37,0
SN38,0
SN39,0
SN40,0+44
SN41,0+44
SN42,44
SN43,44
SN44,44+46
SN45,0+46
SN46,0+46
SN47,0
SN48,0
SN49,0
SN50,41+44
SN51,44
SN52,44
SN53,44
SN54,44+46
SN55,46
SN56,0+46
SN57,0+46
SN58,0+46
SN59,0+48
SN60,41+44
SN61,41+44
SN62,44
SN63,44
SN64,44+46
SN65,44+46
SN66,46
SN67,46
SN68,0+46
SN69,0+46+47+48
SN70,41+42+44
SN71,41+42+44
SN72,44
SN73,44
SN74,42+44+46
SN75,44+46
SN76,46
SN77,46
SN78,46+47
SN79,46+47+48
SN80,41+42
SN81,41+42+44
SN82,42+44
SN83,42+44
SN84,42+44+46
SN85,42+46
SN86,42+43+46
SN87,43+46+47
SN88,46+47
SN89,46+47
SN90,41+42
SN91,42
SN92,42
SN93,42
SN94,42
SN95,42
SN96,42+43
SN97,43+47
SN98,43+47
SN99,47
HL,0
SU,0+7+8+9+11+12+13+17+22+23+24+33
SU00,9+11
SU01,8+9+11
SU02,8+9+11
SU03,8
SU04,8
SU05,8
SU06,7+8
SU07,7
SU08,7
SU09,7+33
SU10,9+11
SU11,8+9+11
SU12,8+11
SU13,8
SU14,8
SU15,8
SU16,7+8
SU17,7
SU18,7
SU19,7+22+33
SU20,11
SU21,8+11
SU22,8+11
SU23,8+11+12
SU24,8+12
SU25,8+12
SU26,7+8+22
SU27,7+22
SU28,7+22
SU29,7+22+23+33
SU30,0+11
SU31,0+8+11
SU32,8+11
SU33,11+12
SU34,8+12
SU35,8+12
SU36,7+8+12+22
SU37,7+22
SU38,22
SU39,22+23
SU40,0+11
SU41,0+11
SU42,11+12
SU43,11+12
SU44,12
SU45,12
SU46,12+22
SU47,22
SU48,22
SU49,22+23
SU50,0+11
SU51,0+11
SU52,11+12
SU53,12
SU54,12
SU55,12
SU56,12+22
SU57,22+23
SU58,22+23
SU59,22+23
SU60,0+11
SU61,11
SU62,11+12
SU63,12
SU64,12
SU65,12
SU66,12+22
SU67,22+23
SU68,22+23
SU69,22+23
SU70,0+11+13
SU71,11+13
SU72,11+12+13
SU73,12
SU74,12
SU75,12
SU76,12+22
SU77,22+23
SU78,22+23+24
SU79,23+24
SU80,0+13
SU81,13
SU82,12+13
SU83,12+13+17
SU84,12+17
SU85,12+17+22
SU86,12+17+22
SU87,22
SU88,22+24
SU89,24
SU90,0+13
SU91,13
SU92,13
SU93,13+17
SU94,17
SU95,17
SU96,17+22
SU97,17+22+24
SU98,22+24
SU99,24
TR,0+15+18
TR00,0
TR01,0+15
TR02,0+15
TR03,15
TR04,15
TR05,15
TR06,0+15
TR07,0+15
TR08,0+18
TR09,0+18
TR10,0
TR11,0
TR12,0+15
TR13,0+15
TR14,15
TR15,15
TR16,0+15
TR17,0
TR18,0
TR19,0+18
TR20,0
TR21,0
TR22,0
TR23,0+15
TR24,15
TR25,15
TR26,0+15
TR27,0+15
TR28,0
TR29,0
TR30,0
TR31,0
TR32,0
TR33,0+15
TR34,0+15
TR35,0+15
TR36,0+15
TR37,0+15
TR38,0
TR39,0
TR40,0
TR41,0
TR42,0
TR43,0
TR44,0
TR45,0
TR46,0+15
TR47,0+15
TR48,0
TR49,0
TR50,0
TR51,0
TR52,0
TR53,0
TR54,0
TR55,0
TR56,0
TR57,0
TR58,0
TR59,0
TR60,0
TR61,0
TR62,0
TR63,0
TR64,0
TR65,0
TR66,0
TR67,0
TR68,0
TR69,0
TR70,0
TR71,0
TR72,0
TR73,0
TR74,0
TR75,0
TR76,0
TR77,0
TR78,0
TR79,0
TR80,0
TR81,0
TR82,0
TR83,0
TR84,0
TR85,0
TR86,0
TR87,0
TR88,0
TR89,0
TR90,0
TR91,0
TR92,0
TR93,0
TR94,0
TR95,0
TR96,0
TR97,0
TR98,0
TR99,0
HT,0+112
HT00,0
HT01,0
HT02,0
HT03,0
HT04,0
HT05,0
HT06,0
HT07,0
HT08,0
HT09,0
HT10,0
HT11,0
HT12,0
HT13,0
HT14,0
HT15,0
HT16,0
HT17,0
HT18,0
HT19,0
HT20,0
HT21,0
HT22,0
HT23,0
HT24,0
HT25,0
HT26,0
HT27,0
HT28,0
HT29,0
HT30,0
HT31,0
HT32,0
HT33,0
HT34,0
HT35,0
HT36,0
HT37,0
HT38,0
HT39,0
HT40,0
HT41,0
HT42,0
HT43,0
HT44,0
HT45,0
HT46,0
HT47,0
HT48,0
HT49,0
HT50,0
HT51,0
HT52,0
HT53,0
HT54,0
HT55,0
HT56,0
HT57,0
HT58,0
HT59,0
HT60,0
HT61,0
HT62,0
HT63,0
HT64,0
HT65,0
HT66,0
HT67,0
HT68,0
HT69,0
HT70,0
HT71,0
HT72,0
HT73,0
HT74,0
HT75,0
HT76,0
HT77,0
HT78,0
HT79,0
HT80,0
HT81,0
HT82,0
HT83,0
HT84,0
HT85,0
HT86,0
HT87,0
HT88,0
HT89,0
HT90,0
HT91,0
HT92,0
HT93,0+112
HT94,0+112
HT95,0
HT96,0
HT97,0
HT98,0
HT99,0
NO,0+85+87+88+89+90+91+92
NO00,85+87+88
NO01,85+88
NO02,88+89
NO03,88+89
NO04,88+89
NO05,89
NO06,89
NO07,89+92
NO08,89+92
NO09,92
NO10,85
NO11,0+85+88+89
NO12,0+88+89
NO13,88+89
NO14,89
NO15,89+90
NO16,89+90
NO17,89+90+92
NO18,92
NO19,92
NO20,85
NO21,0+85+88+89
NO22,0+85+89
NO23,89+90
NO24,89+90
NO25,89+90
NO26,90
NO27,90+92
NO28,90+92
NO29,92
NO30,0+85
NO31,85
NO32,0+85+89+90
NO33,89+90
NO34,89+90
NO35,90
NO36,90
NO37,90+92
NO38,90+92
NO39,92
NO40,0+85
NO41,0+85
NO42,0+85+90
NO43,0+90
NO44,90
NO45,90
NO46,90
NO47,90
NO48,90+92
NO49,92
NO50,0+85
NO51,0+85
NO52,0+85
NO53,0+90
NO54,90
NO55,90
NO56,90
NO57,90+91
NO58,90+91+92
NO59,92
NO60,0+85
NO61,0+85
NO62,0
NO63,0+90
NO64,0+90
NO65,0+90
NO66,90+91
NO67,90+91
NO68,91+92
NO69,91+92
NO70,0
NO71,0
NO72,0
NO73,0
NO74,0+90
NO75,0+90
NO76,0+90+91
NO77,91
NO78,91
NO79,91+92
NO80,0
NO81,0
NO82,0
NO83,0
NO84,0
NO85,0
NO86,0+91
NO87,0+91
NO88,0+91
NO89,0+91+92
NO90,0
NO91,0
NO92,0
NO93,0
NO94,0
NO95,0
NO96,0
NO97,0
NO98,0
NO99,0+91
TA,0+54+61+62
TA00,54
TA01,54
TA02,0+54+61
TA03,61
TA04,61
TA05,61
TA06,61
TA07,61
TA08,0+61+62
TA09,0+62
TA10,54
TA11,0+54
TA12,0+54+61
TA13,61
TA14,61
TA15,0+61
TA16,0+61
TA17,0+61
TA18,0+61+62
TA19,0
TA20,54
TA21,0+54+61
TA22,0+61
TA23,0+61
TA24,0+61
TA25,0+61
TA26,0+61
TA27,0+61
TA28,0
TA29,0
TA30,0+54
TA31,0+54+61
TA32,0+61
TA33,0+61
TA34,0
TA35,0
TA36,0
TA37,0
TA38,0
TA39,0
TA40,0+54
TA41,0+61
TA42,0+61
TA43,0
TA44,0
TA45,0
TA46,0
TA47,0
TA48,0
TA49,0
TA50,0
TA51,0
TA52,0
TA53,0
TA54,0
TA55,0
TA56,0
TA57,0
TA58,0
TA59,0
TA60,0
TA61,0
TA62,0
TA63,0
TA64,0
TA65,0
TA66,0
TA67,0
TA68,0
TA69,0
TA70,0
TA71,0
TA72,0
TA73,0
TA74,0
TA75,0
TA76,0
TA77,0
TA78,0
TA79,0
TA80,0
TA81,0
TA82,0
TA83,0
TA84,0
TA85,0
TA86,0
TA87,0
TA88,0
TA89,0
TA90,0
TA91,0
TA92,0
TA93,0
TA94,0
TA95,0
TA96,0
TA97,0
TA98,0
TA99,0
OW,0
HP,0+112
HP00,0
HP01,0
HP02,0
HP03,0
HP04,0
HP05,0
HP06,0
HP07,0
HP08,0
HP09,0
HP10,0
HP11,0
HP12,0
HP13,0
HP14,0
HP15,0
HP16,0
HP17,0
HP18,0
HP19,0
HP20,0
HP21,0
HP22,0
HP23,0
HP24,0
HP25,0
HP26,0
HP27,0
HP28,0
HP29,0
HP30,0
HP31,0
HP32,0
HP33,0
HP34,0
HP35,0
HP36,0
HP37,0
HP38,0
HP39,0
HP40,0+112
HP41,0
HP42,0
HP43,0
HP44,0
HP45,0
HP46,0
HP47,0
HP48,0
HP49,0
HP50,0+112
HP51,0+112
HP52,0
HP53,0
HP54,0
HP55,0
HP56,0
HP57,0
HP58,0
HP59,0
HP60,0+112
HP61,0+112
HP62,0+112
HP63,0
HP64,0
HP65,0
HP66,0
HP67,0
HP68,0
HP69,0
HP70,0
HP71,0
HP72,0
HP73,0
HP74,0
HP75,0
HP76,0
HP77,0
HP78,0
HP79,0
HP80,0
HP81,0
HP82,0
HP83,0
HP84,0
HP85,0
HP86,0
HP87,0
HP88,0
HP89,0
HP90,0
HP91,0
HP92,0
HP93,0
HP94,0
HP95,0
HP96,0
HP97,0
HP98,0
HP99,0
SD,0+58+59+60+63+64+65+69+70
SD00,0
SD01,0
SD02,0
SD03,0
SD04,0
SD05,0
SD06,0
SD07,0
SD08,0+70
SD09,0+70
SD10,0
SD11,0
SD12,0
SD13,0
SD14,0
SD15,0
SD16,0+69
SD17,0+69+70
SD18,0+69+70
SD19,0+69+70
SD20,0+59
SD21,0+59
SD22,0+59+60
SD23,0+60
SD24,0
SD25,0
SD26,0+69
SD27,0+69
SD28,0+69+70
SD29,69+70
SD30,59
SD31,0+59
SD32,0+59+60
SD33,0+60
SD34,0+60
SD35,0+60
SD36,0+60+69
SD37,0+69
SD38,0+69
SD39,69
SD40,59
SD41,59
SD42,0+59+60
SD43,60
SD44,0+60
SD45,0+60
SD46,0+60+69
SD47,0+60+69
SD48,69
SD49,69
SD50,59
SD51,59
SD52,59+60
SD53,59+60
SD54,60+64
SD55,60+64
SD56,60
SD57,60+69
SD58,69
SD59,69
SD60,59
SD61,59
SD62,59
SD63,59+60
SD64,60+64
SD65,60+64
SD66,60+64
SD67,60+64+69
SD68,60+64+65+69
SD69,65+69
SD70,59
SD71,59
SD72,59
SD73,59+60+64
SD74,59+60+64
SD75,64
SD76,64
SD77,64
SD78,60+64+65+69
SD79,65+69
SD80,59
SD81,59
SD82,59
SD83,59
SD84,59+63+64
SD85,64
SD86,64
SD87,64
SD88,64+65
SD89,65+69
SD90,58+59+63
SD91,59+63
SD92,59+63
SD93,59+63
SD94,59+63+64
SD95,63+64
SD96,64
SD97,64+65
SD98,64+65
SD99,65
NG,0+97+104+105+110
NG00,0
NG01,0
NG02,0
NG03,0
NG04,0
NG05,0
NG06,0
NG07,0+110
NG08,0+110
NG09,0+110
NG10,0
NG11,0
NG12,0
NG13,0+104
NG14,0+104
NG15,0+104
NG16,0
NG17,0
NG18,0+110
NG19,0+110
NG20,0+104
NG21,0
NG22,0
NG23,0+104
NG24,0+104
NG25,0+104
NG26,0+104
NG27,0
NG28,0
NG29,0+110
NG30,0+104
NG31,0+104
NG32,0+104
NG33,0+104
NG34,0+104
NG35,0+104
NG36,0+104
NG37,0+104
NG38,0+104
NG39,0+110
NG40,0+104
NG41,0+104
NG42,0+104
NG43,0+104
NG44,0+104
NG45,0+104
NG46,0+104
NG47,0+104
NG48,0
NG49,0+110
NG50,0+104
NG51,0+104
NG52,0+104
NG53,0+104
NG54,0+104
NG55,0+104
NG56,0+104
NG57,0
NG58,0
NG59,0
NG60,0+97+104
NG61,0+104
NG62,0+104
NG63,0+104+105
NG64,0+104+105
NG65,0+104+105
NG66,0+104
NG67,0
NG68,0
NG69,0
NG70,0+97
NG71,0+97+104
NG72,0+97+104+105
NG73,0+105
NG74,0+105
NG75,0+105
NG76,0+105
NG77,0+105
NG78,0+105
NG79,0+105
NG80,0+97
NG81,0+97
NG82,0+97+104+105
NG83,0+105
NG84,0+105
NG85,0+105
NG86,105
NG87,0+105
NG88,0+105
NG89,0+105
NG90,0+97
NG91,0+97+105
NG92,0+97+105
NG93,0+105
NG94,0+105
NG95,105
NG96,105
NG97,105
NG98,0+105
NG99,0+105
NZ,0+62+65+66+67+68
NZ00,65
NZ01,65+66
NZ02,65+66
NZ03,66
NZ04,66+67
NZ05,66+67
NZ06,67
NZ07,67
NZ08,67
NZ09,67+68
NZ10,65
NZ11,65+66
NZ12,66
NZ13,66
NZ14,66
NZ15,66+67
NZ16,66+67
NZ17,67
NZ18,67
NZ19,67+68
NZ20,65+66
NZ21,65+66
NZ22,66
NZ23,66
NZ24,66
NZ25,66
NZ26,66+67
NZ27,67
NZ28,0+67
NZ29,0+67
NZ30,62+65+66
NZ31,62+65+66
NZ32,66
NZ33,66
NZ34,66
NZ35,0+66
NZ36,0+66+67
NZ37,0+67
NZ38,0+67
NZ39,0+67
NZ40,62
NZ41,0+62+66
NZ42,0+62+66
NZ43,0+66
NZ44,0+66
NZ45,0+66
NZ46,0+66
NZ47,0
NZ48,0
NZ49,0
NZ50,62
NZ51,62
NZ52,0+62+66
NZ53,0+66
NZ54,0
NZ55,0
NZ56,0
NZ57,0
NZ58,0
NZ59,0
NZ60,62
NZ61,62
NZ62,0+62
NZ63,0
NZ64,0
NZ65,0
NZ66,0
NZ67,0
NZ68,0
NZ69,0
NZ70,62
NZ71,0+62
NZ72,0+62
NZ73,0
NZ74,0
NZ75,0
NZ76,0
NZ77,0
NZ78,0
NZ79,0
NZ80,0+62
NZ81,0+62
NZ82,0
NZ83,0
NZ84,0
NZ85,0
NZ86,0
NZ87,0
NZ88,0
NZ89,0
NZ90,0+62
NZ91,0+62
NZ92,0
NZ93,0
NZ94,0
NZ95,0
NZ96,0
NZ97,0
NZ98,0
NZ99,0
TF,0+28+29+32+53+54+55
TF00,32+53+55
TF01,53+55
TF02,53
TF03,53
TF04,53
TF05,53
TF06,53
TF07,53+54
TF08,54
TF09,54
TF10,32+53
TF11,53
TF12,53
TF13,53
TF14,53
TF15,53+54
TF16,53+54
TF17,53+54
TF18,54
TF19,54
TF20,29+32+53
TF21,53
TF22,53
TF23,53
TF24,53+54
TF25,53+54
TF26,54
TF27,54
TF28,54
TF29,54
TF30,29+53
TF31,29+53
TF32,53
TF33,0+53+54
TF34,0+53+54
TF35,54
TF36,54
TF37,54
TF38,54
TF39,54
TF40,28+29
TF41,28+29+53
TF42,0+28+53
TF43,0+53+54
TF44,0+53+54
TF45,54
TF46,54
TF47,54
TF48,0+54
TF49,0+54
TF50,28+29
TF51,28
TF52,0+28+53
TF53,0+28
TF54,0+54
TF55,0+54
TF56,0+54
TF57,0+54
TF58,0+54
TF59,0
TF60,28
TF61,0+28
TF62,0+28
TF63,0+28
TF64,0+28
TF65,0
TF66,0
TF67,0
TF68,0
TF69,0
TF70,28
TF71,28
TF72,28
TF73,28
TF74,0+28
TF75,0
TF76,0
TF77,0
TF78,0
TF79,0
TF80,28
TF81,28
TF82,28
TF83,28
TF84,0+28
TF85,0
TF86,0
TF87,0
TF88,0
TF89,0
TF90,28
TF91,28
TF92,28
TF93,28
TF94,0+28
TF95,0
TF96,0
TF97,0
TF98,0
TF99,0
NR,0+98+100+101+102
NR00,0
NR01,0
NR02,0
NR03,0
NR04,0
NR05,0
NR06,0
NR07,0
NR08,0
NR09,0
NR10,0
NR11,0
NR12,0
NR13,0
NR14,0
NR15,0+102
NR16,0+102
NR17,0
NR18,0
NR19,0
NR20,0
NR21,0
NR22,0
NR23,0
NR24,0+102
NR25,0+102
NR26,0+102
NR27,0+102
NR28,0
NR29,0
NR30,0
NR31,0
NR32,0
NR33,0+102
NR34,0+102
NR35,0+102
NR36,0+102
NR37,0+102
NR38,0+102
NR39,0+102
NR40,0
NR41,0
NR42,0
NR43,0
NR44,0+102
NR45,0+102
NR46,0+102
NR47,0+102
NR48,0+102
NR49,0+102
NR50,0+101
NR51,0+101
NR52,0
NR53,0
NR54,0
NR55,0
NR56,0+102
NR57,0+102
NR58,0+102
NR59,0+102
NR60,0+101
NR61,0+101
NR62,0+101
NR63,0+101
NR64,0+101
NR65,0+101
NR66,0
NR67,0+101+102
NR68,0+101+102
NR69,0+102
NR70,0+101
NR71,0+101
NR72,0+101
NR73,0+101
NR74,0+101
NR75,0+101
NR76,0+101
NR77,0+101
NR78,0+101
NR79,0+98+101+102
NR80,0
NR81,0
NR82,0+100
NR83,0+100+101
NR84,0+100+101
NR85,0+101
NR86,0+101
NR87,0+101
NR88,0+98+101
NR89,0+98+101
NR90,0
NR91,0+100
NR92,0+100
NR93,100
NR94,0+100
NR95,0+100+101
NR96,0+98+100+101
NR97,0+98+100
NR98,0+98
NR99,0+98
OB,0
NW,0+74
NW00,0
NW01,0
NW02,0
NW03,0
NW04,0
NW05,0
NW06,0
NW07,0
NW08,0
NW09,0
NW10,0
NW11,0
NW12,0
NW13,0
NW14,0
NW15,0
NW16,0
NW17,0
NW18,0
NW19,0
NW20,0
NW21,0
NW22,0
NW23,0
NW24,0
NW25,0
NW26,0
NW27,0
NW28,0
NW29,0
NW30,0
NW31,0
NW32,0
NW33,0
NW34,0
NW35,0
NW36,0
NW37,0
NW38,0
NW39,0
NW40,0
NW41,0
NW42,0
NW43,0
NW44,0
NW45,0
NW46,0
NW47,0
NW48,0
NW49,0
NW50,0
NW51,0
NW52,0
NW53,0
NW54,0
NW55,0
NW56,0
NW57,0
NW58,0
NW59,0
NW60,0
NW61,0
NW62,0
NW63,0
NW64,0
NW65,0
NW66,0
NW67,0
NW68,0
NW69,0
NW70,0
NW71,0
NW72,0
NW73,0
NW74,0
NW75,0
NW76,0
NW77,0
NW78,0
NW79,0
NW80,0
NW81,0
NW82,0
NW83,0
NW84,0
NW85,0
NW86,0
NW87,0
NW88,0
NW89,0
NW90,0
NW91,0
NW92,0
NW93,0
NW94,0
NW95,0+74
NW96,0+74
NW97,0+74
NW98,0
NW99,0
SV,0+1
SV00,0
SV01,0
SV02,0
SV03,0
SV04,0
SV05,0
SV06,0
SV07,0
SV08,0
SV09,0
SV10,0
SV11,0
SV12,0
SV13,0
SV14,0
SV15,0
SV16,0
SV17,0
SV18,0
SV19,0
SV20,0
SV21,0
SV22,0
SV23,0
SV24,0
SV25,0
SV26,0
SV27,0
SV28,0
SV29,0
SV30,0
SV31,0
SV32,0
SV33,0
SV34,0
SV35,0
SV36,0
SV37,0
SV38,0
SV39,0
SV40,0
SV41,0
SV42,0
SV43,0
SV44,0
SV45,0
SV46,0
SV47,0
SV48,0
SV49,0
SV50,0
SV51,0
SV52,0
SV53,0
SV54,0
SV55,0
SV56,0
SV57,0
SV58,0
SV59,0
SV60,0
SV61,0
SV62,0
SV63,0
SV64,0
SV65,0
SV66,0
SV67,0
SV68,0
SV69,0
SV70,0
SV71,0
SV72,0
SV73,0
SV74,0
SV75,0
SV76,0
SV77,0
SV78,0
SV79,0
SV80,0+1
SV81,0+1
SV82,0
SV83,0
SV84,0
SV85,0
SV86,0
SV87,0
SV88,0
SV89,0
SV90,0+1
SV91,0+1
SV92,0
SV93,0
SV94,0
SV95,0
SV96,0
SV97,0
SV98,0
SV99,0
TB,0
HM,0
HO,0
SY,0+3+9
SY00,0
SY01,0
SY02,0
SY03,0
SY04,0
SY05,0
SY06,0
SY07,0+3
SY08,0+3
SY09,3
SY10,0
SY11,0
SY12,0
SY13,0
SY14,0
SY15,0
SY16,0
SY17,0
SY18,0+3
SY19,3
SY20,0
SY21,0
SY22,0
SY23,0
SY24,0
SY25,0
SY26,0
SY27,0
SY28,0+3
SY29,0+3
SY30,0
SY31,0
SY32,0
SY33,0
SY34,0
SY35,0
SY36,0
SY37,0
SY38,0+3
SY39,0+3+9
SY40,0
SY41,0
SY42,0
SY43,0
SY44,0
SY45,0
SY46,0
SY47,0
SY48,0+9
SY49,0+9
SY50,0
SY51,0
SY52,0
SY53,0
SY54,0
SY55,0
SY56,0
SY57,0
SY58,0+9
SY59,9
SY60,0
SY61,0
SY62,0
SY63,0
SY64,0
SY65,0
SY66,0+9
SY67,0+9
SY68,0+9
SY69,9
SY70,0
SY71,0
SY72,0
SY73,0
SY74,0
SY75,0
SY76,0
SY77,0+9
SY78,0+9
SY79,9
SY80,0
SY81,0
SY82,0
SY83,0
SY84,0
SY85,0
SY86,0
SY87,0+9
SY88,0+9
SY89,9
SY90,0
SY91,0
SY92,0
SY93,0
SY94,0
SY95,0
SY96,0
SY97,0+9
SY98,0+9
SY99,0+9
NE,0
SG,0
SW,0+1+2
SW00,0
SW01,0
SW02,0
SW03,0
SW04,0
SW05,0
SW06,0
SW07,0
SW08,0
SW09,0
SW10,0
SW11,0
SW12,0
SW13,0
SW14,0
SW15,0
SW16,0
SW17,0
SW18,0
SW19,0
SW20,0
SW21,0
SW22,0
SW23,0
SW24,0
SW25,0
SW26,0
SW27,0
SW28,0
SW29,0
SW30,0
SW31,0
SW32,0+1
SW33,0+1
SW34,0
SW35,0
SW36,0
SW37,0
SW38,0
SW39,0
SW40,0
SW41,0
SW42,0+1
SW43,0+1
SW44,0+1
SW45,0
SW46,0
SW47,0
SW48,0
SW49,0
SW50,0
SW51,0
SW52,0+1
SW53,0+1
SW54,0+1
SW55,0
SW56,0
SW57,0
SW58,0
SW59,0
SW60,0
SW61,0+1
SW62,0+1
SW63,1
SW64,0+1
SW65,0+1
SW66,0
SW67,0
SW68,0
SW69,0
SW70,0
SW71,0+1
SW72,0+1
SW73,0+1
SW74,1
SW75,0+1
SW76,0+1
SW77,0
SW78,0
SW79,0
SW80,0
SW81,0+1
SW82,0+1
SW83,0+1+2
SW84,0+1+2
SW85,1+2
SW86,0+1
SW87,0+1
SW88,0
SW89,0
SW90,0
SW91,0
SW92,0
SW93,0+2
SW94,0+2
SW95,1+2
SW96,1+2
SW97,0+1+2
SW98,0+2
SW99,0
SA,0
NH,0+92+94+95+96+97+105+106+107
NH00,97+105
NH01,96+97+105
NH02,96+105+106
NH03,105+106
NH04,105+106
NH05,105+106
NH06,105+106
NH07,105+106
NH08,0+105
NH09,0+105
NH10,96+97+105
NH11,96+105
NH12,96+106
NH13,96+106
NH14,96+105+106
NH15,105+106
NH16,105+106
NH17,105+106
NH18,0+105
NH19,0+105+106
NH20,96+97
NH21,96
NH22,96
NH23,96+106
NH24,96+106
NH25,106
NH26,106
NH27,105+106
NH28,105+106
NH29,105+106
NH30,96+97
NH31,96
NH32,96
NH33,96
NH34,96+106
NH35,106
NH36,106
NH37,106
NH38,106
NH39,106+107
NH40,96
NH41,96
NH42,96
NH43,96
NH44,96+106
NH45,106
NH46,106
NH47,106
NH48,106
NH49,106+107
NH50,96
NH51,96
NH52,96
NH53,96
NH54,0+96+106
NH55,0+96+106
NH56,0+106
NH57,106
NH58,106
NH59,0+106+107
NH60,96
NH61,96
NH62,96
NH63,96
NH64,0+96+106
NH65,0+106
NH66,0+106
NH67,106
NH68,0+106+107
NH69,0+106+107
NH70,96
NH71,96
NH72,95+96
NH73,96
NH74,0+96
NH75,0+96+106
NH76,0+106
NH77,0+106
NH78,0+106+107
NH79,0+107
NH80,96
NH81,95+96
NH82,95+96
NH83,96
NH84,96
NH85,0+96
NH86,0+106
NH87,0+106
NH88,0+106+107
NH89,0+107
NH90,92+94+96
NH91,95+96
NH92,95+96
NH93,95+96
NH94,95+96
NH95,0+95+96
NH96,0+95+96
NH97,0+106
NH98,0+106
NH99,0
ND,0+107+109+111
ND00,0
ND01,0+107+109
ND02,0+107+109
ND03,109
ND04,109
ND05,109
ND06,0+109
ND07,0+109
ND08,0
ND09,0
ND10,0
ND11,0
ND12,0+109
ND13,0+109
ND14,109
ND15,109
ND16,0+109
ND17,0+109
ND18,0
ND19,0+111
ND20,0
ND21,0
ND22,0
ND23,0+109
ND24,109
ND25,109
ND26,0+109
ND27,0+109
ND28,0+111
ND29,0+111
ND30,0
ND31,0
ND32,0
ND33,0+109
ND34,0+109
ND35,0+109
ND36,0+109
ND37,0+109
ND38,0+111
ND39,0+111
ND40,0
ND41,0
ND42,0
ND43,0
ND44,0
ND45,0
ND46,0
ND47,0+109+111
ND48,0+111
ND49,0+111
ND50,0
ND51,0
ND52,0
ND53,0
ND54,0
ND55,0
ND56,0
ND57,0
ND58,0
ND59,0+111
ND60,0
ND61,0
ND62,0
ND63,0
ND64,0
ND65,0
ND66,0
ND67,0
ND68,0
ND69,0
ND70,0
ND71,0
ND72,0
ND73,0
ND74,0
ND75,0
ND76,0
ND77,0
ND78,0
ND79,0
ND80,0
ND81,0
ND82,0
ND83,0
ND84,0
ND85,0
ND86,0
ND87,0
ND88,0
ND89,0
ND90,0
ND91,0
ND92,0
ND93,0
ND94,0
ND95,0
ND96,0
ND97,0
ND98,0
ND99,0
NJ,0+91+92+93+94+95+96
NJ00,92+94+95+96
NJ01,94+95+96
NJ02,94+95
NJ03,95
NJ04,95
NJ05,95
NJ06,0+95
NJ07,0
NJ08,0
NJ09,0
NJ10,92+94
NJ11,92+94+95
NJ12,94+95
NJ13,94+95
NJ14,94+95
NJ15,95
NJ16,0+95
NJ17,0+95
NJ18,0
NJ19,0
NJ20,92+94
NJ21,92+94
NJ22,94
NJ23,94+95
NJ24,94+95
NJ25,94+95
NJ26,0+95
NJ27,0+95
NJ28,0
NJ29,0
NJ30,92
NJ31,92+93+94
NJ32,92+93+94
NJ33,93+94
NJ34,93+94+95
NJ35,94+95
NJ36,0+94+95
NJ37,0
NJ38,0
NJ39,0
NJ40,92
NJ41,92
NJ42,92+93+94
NJ43,93+94
NJ44,93+94
NJ45,93+94+95
NJ46,0+94
NJ47,0
NJ48,0
NJ49,0
NJ50,92
NJ51,92
NJ52,92+93
NJ53,93
NJ54,93+94
NJ55,93+94
NJ56,0+94
NJ57,0
NJ58,0
NJ59,0
NJ60,91+92
NJ61,92
NJ62,92+93
NJ63,93
NJ64,93+94
NJ65,93+94
NJ66,0+93+94
NJ67,0
NJ68,0
NJ69,0
NJ70,91+92
NJ71,92
NJ72,92+93
NJ73,93
NJ74,93+94
NJ75,93+94
NJ76,0+93+94
NJ77,0
NJ78,0
NJ79,0
NJ80,91+92
NJ81,92
NJ82,92+93
NJ83,93
NJ84,93
NJ85,93
NJ86,0+93+94
NJ87,0
NJ88,0
NJ89,0
NJ90,0+91+92
NJ91,0+92
NJ92,0+92+93
NJ93,0+93
NJ94,93
NJ95,93
NJ96,0+93
NJ97,0
NJ98,0
NJ99,0
SQ,0
SH,0+47+48+49+50+51+52
SH00,0
SH01,0
SH02,0
SH03,0
SH04,0
SH05,0
SH06,0
SH07,0
SH08,0
SH09,0
SH10,0
SH11,0
SH12,0+49
SH13,0+49
SH14,0
SH15,0
SH16,0
SH17,0
SH18,0
SH19,0
SH20,0
SH21,0
SH22,0+49
SH23,0+49
SH24,0+49
SH25,0
SH26,0
SH27,0+52
SH28,0+52
SH29,0+52
SH30,0
SH31,0
SH32,0+49
SH33,0+49
SH34,0+49
SH35,0
SH36,0+52
SH37,0+52
SH38,0+52
SH39,0+52
SH40,0
SH41,0
SH42,0
SH43,0+49
SH44,0+49
SH45,0+49
SH46,0+49+52
SH47,52
SH48,0+52
SH49,0+52
SH50,0+48
SH51,0+48
SH52,0+48
SH53,0+48+49
SH54,48+49
SH55,49
SH56,0+49+52
SH57,0+49+52
SH58,0+52
SH59,0+52
SH60,48
SH61,0+48
SH62,48
SH63,48
SH64,48+49
SH65,49
SH66,49
SH67,0+49+52
SH68,0+52
SH69,0
SH70,47+48
SH71,0+47+48
SH72,48
SH73,48
SH74,48+49+50
SH75,49+50
SH76,49+50
SH77,0+49+50
SH78,0+49
SH79,0
SH80,47+48
SH81,47+48
SH82,48
SH83,48
SH84,48+49+50
SH85,49+50
SH86,49+50
SH87,0+49+50
SH88,0+49+50
SH89,0
SH90,47
SH91,47+48
SH92,47+48
SH93,47+48
SH94,48+50
SH95,48+50
SH96,50
SH97,0+50+51
SH98,0+50+51
SH99,0
OF,0
SL,0
HN,0
SF,0
SO,0+7+33+34+35+36+37+39+40+41+42+43+47
SO00,41+42
SO01,41+42
SO02,42
SO03,42
SO04,42+43
SO05,42+43
SO06,42+43
SO07,43+47
SO08,43+47
SO09,47
SO10,35+41+42
SO11,35+41+42
SO12,42
SO13,42+43
SO14,42+43
SO15,43
SO16,43
SO17,40+43
SO18,40+43+47
SO19,47
SO20,35
SO21,35+42
SO22,35+36+42
SO23,35+36+42
SO24,36+42+43
SO25,36+43
SO26,36+43
SO27,40+43
SO28,40+47
SO29,40+47
SO30,35
SO31,35
SO32,35+36
SO33,36
SO34,36
SO35,36
SO36,36+43
SO37,36+40+43
SO38,40+47
SO39,40+47
SO40,35
SO41,35+36
SO42,35+36
SO43,36
SO44,36
SO45,36
SO46,36+40
SO47,36+40
SO48,40
SO49,40
SO50,34+35
SO51,34+35+36
SO52,36
SO53,36
SO54,36
SO55,36
SO56,36+37+40
SO57,36+40
SO58,40
SO59,40
SO60,0+34
SO61,0+34+36
SO62,34+36
SO63,34+36
SO64,36+37
SO65,36+37
SO66,36+37+40
SO67,37+40
SO68,40
SO69,40
SO70,0+33+34
SO71,0+33+34
SO72,34+36+37
SO73,34+36+37
SO74,36+37
SO75,36+37
SO76,36+37
SO77,37+39+40
SO78,37+39+40
SO79,39+40
SO80,33+34
SO81,33+34
SO82,33+34+37
SO83,33+34+37
SO84,37
SO85,37
SO86,37
SO87,37
SO88,37+39+40
SO89,39+40
SO90,7+33+34
SO91,33
SO92,33
SO93,33+37
SO94,33+37
SO95,37
SO96,37
SO97,37
SO98,37+39
SO99,37+39
NP,0
JV,0
HX,0+110
HX00,0
HX01,0
HX02,0
HX03,0
HX04,0
HX05,0
HX06,0
HX07,0
HX08,0
HX09,0
HX10,0
HX11,0
HX12,0
HX13,0
HX14,0
HX15,0
HX16,0
HX17,0
HX18,0
HX19,0
HX20,0
HX21,0
HX22,0
HX23,0
HX24,0
HX25,0
HX26,0
HX27,0
HX28,0
HX29,0
HX30,0
HX31,0
HX32,0
HX33,0
HX34,0
HX35,0
HX36,0
HX37,0
HX38,0
HX39,0
HX40,0
HX41,0
HX42,0
HX43,0
HX44,0
HX45,0
HX46,0
HX47,0
HX48,0
HX49,0
HX50,0
HX51,0+110
HX52,0
HX53,0
HX54,0
HX55,0
HX56,0
HX57,0
HX58,0
HX59,0
HX60,0
HX61,0
HX62,0+110
HX63,0
HX64,0
HX65,0
HX66,0
HX67,0
HX68,0
HX69,0
HX70,0
HX71,0
HX72,0
HX73,0
HX74,0
HX75,0
HX76,0
HX77,0
HX78,0
HX79,0
HX80,0
HX81,0
HX82,0
HX83,0
HX84,0
HX85,0
HX86,0
HX87,0
HX88,0
HX89,0
HX90,0
HX91,0
HX92,0
HX93,0
HX94,0
HX95,0
HX96,0
HX97,0
HX98,0
HX99,0
HU,0+112
HU00,0
HU01,0
HU02,0
HU03,0
HU04,0
HU05,0
HU06,0+112
HU07,0
HU08,0
HU09,0
HU10,0
HU11,0
HU12,0
HU13,0
HU14,0+112
HU15,0+112
HU16,0+112
HU17,0
HU18,0
HU19,0
HU20,0
HU21,0
HU22,0
HU23,0
HU24,0+112
HU25,0+112
HU26,0+112
HU27,0+112
HU28,0+112
HU29,0
HU30,0+112
HU31,0+112
HU32,0+112
HU33,0+112
HU34,0+112
HU35,0+112
HU36,0+112
HU37,0+112
HU38,0+112
HU39,0+112
HU40,0+112
HU41,0+112
HU42,0+112
HU43,0+112
HU44,0+112
HU45,0+112
HU46,0+112
HU47,0+112
HU48,0+112
HU49,0+112
HU50,0
HU51,0
HU52,0
HU53,0+112
HU54,0+112
HU55,0+112
HU56,0+112
HU57,0+112
HU58,0+112
HU59,0+112
HU60,0
HU61,0
HU62,0
HU63,0
HU64,0
HU65,0
HU66,0+112
HU67,0+112
HU68,0+112
HU69,0+112
HU70,0
HU71,0
HU72,0
HU73,0
HU74,0
HU75,0
HU76,0
HU77,0+112
HU78,0
HU79,0
HU80,0
HU81,0
HU82,0
HU83,0
HU84,0
HU85,0
HU86,0
HU87,0
HU88,0
HU89,0
HU90,0
HU91,0
HU92,0
HU93,0
HU94,0
HU95,0
HU96,0
HU97,0
HU98,0
HU99,0
NT,0+67+68+72+77+78+79+80+81+82+83+84+85+87
NT00,72+77
NT01,72+77+78
NT02,77+78
NT03,77+78
NT04,77+78
NT05,77+78+83
NT06,83+84
NT07,0+84
NT08,0+84+85+87
NT09,85+87
NT10,72+79
NT11,72+78+79
NT12,78
NT13,78
NT14,77+78
NT15,78+83
NT16,83+84
NT17,0+83+84
NT18,0+85
NT19,85
NT20,72+79+80
NT21,72+78+79
NT22,78+79
NT23,78+79
NT24,78+83
NT25,78+83
NT26,83
NT27,0+83
NT28,0+85
NT29,0+85
NT30,72+79+80
NT31,79+80
NT32,78+79
NT33,78+79
NT34,78+79+83
NT35,83
NT36,82+83
NT37,0+82+83
NT38,0
NT39,0+85
NT40,80
NT41,79+80
NT42,79+80
NT43,79+80+83
NT44,79+80+81+83
NT45,81+82+83
NT46,81+82+83
NT47,0+82
NT48,0+82
NT49,0+85
NT50,80
NT51,80
NT52,80
NT53,79+80+81
NT54,80+81
NT55,81+82
NT56,81+82
NT57,82
NT58,0+82
NT59,0+85
NT60,67+80
NT61,80
NT62,80
NT63,80+81
NT64,80+81
NT65,81+82
NT66,81+82
NT67,0+82
NT68,0+82
NT69,0+85
NT70,67+68+80
NT71,68+80
NT72,80
NT73,68+80+81
NT74,80+81
NT75,81
NT76,81+82
NT77,0+81+82
NT78,0
NT79,0
NT80,67+68
NT81,68+80
NT82,68+80
NT83,68+80+81
NT84,68+81
NT85,81
NT86,0+81
NT87,0+81
NT88,0
NT89,0
NT90,67+68
NT91,68
NT92,68
NT93,68
NT94,68+81
NT95,0+68+81
NT96,0+81
NT97,0
NT98,0
NT99,0
NF,0+110
NF00,0
NF01,0
NF02,0
NF03,0
NF04,0
NF05,0
NF06,0
NF07,0
NF08,0
NF09,0+110
NF10,0
NF11,0
NF12,0
NF13,0
NF14,0
NF15,0
NF16,0
NF17,0
NF18,0
NF19,0+110
NF20,0
NF21,0
NF22,0
NF23,0
NF24,0
NF25,0
NF26,0
NF27,0
NF28,0
NF29,0
NF30,0
NF31,0
NF32,0
NF33,0
NF34,0
NF35,0
NF36,0
NF37,0
NF38,0
NF39,0
NF40,0
NF41,0
NF42,0
NF43,0
NF44,0
NF45,0
NF46,0
NF47,0
NF48,0
NF49,0
NF50,0
NF51,0
NF52,0
NF53,0
NF54,0
NF55,0
NF56,0+110
NF57,0
NF58,0+110
NF59,0
NF60,0+110
NF61,0+110
NF62,0
NF63,0
NF64,0
NF65,0
NF66,0+110
NF67,0+110
NF68,0+110
NF69,0
NF70,0+110
NF71,0+110
NF72,0+110
NF73,0+110
NF74,0+110
NF75,0+110
NF76,0+110
NF77,0+110
NF78,0
NF79,0
NF80,0+110
NF81,0+110
NF82,0+110
NF83,0+110
NF84,0+110
NF85,0+110
NF86,0+110
NF87,0+110
NF88,0+110
NF89,0+110
NF90,0
NF91,0
NF92,0
NF93,0
NF94,0
NF95,0+110
NF96,0+110
NF97,0+110
NF98,0+110
NF99,0+110
NY,0+65+66+67+68+69+70+72+73+80
NY00,0+70
NY01,70
NY02,70
NY03,0+70
NY04,0+70
NY05,0+70+72+73
NY06,0+72+73
NY07,72
NY08,72
NY09,72
NY10,70
NY11,70
NY12,70
NY13,70
NY14,70
NY15,0+70
NY16,0+70+72
NY17,72
NY18,72
NY19,72
NY20,69+70
NY21,69+70
NY22,70
NY23,70
NY24,70
NY25,0+70
NY26,0+70+72
NY27,72
NY28,72
NY29,72
NY30,69
NY31,69+70
NY32,70
NY33,70
NY34,70
NY35,70
NY36,0+70+72
NY37,70+72
NY38,72
NY39,72+80
NY40,69
NY41,69+70
NY42,69+70
NY43,70
NY44,70
NY45,70
NY46,70
NY47,70+72+80
NY48,70+72+80
NY49,72+80
NY50,69
NY51,69
NY52,69+70
NY53,69+70
NY54,70
NY55,70
NY56,70
NY57,70
NY58,67+70+80
NY59,67+80
NY60,69
NY61,69
NY62,69+70
NY63,69+70
NY64,67+70
NY65,67+70
NY66,67+70
NY67,67+70
NY68,67+70
NY69,67+80
NY70,69
NY71,69
NY72,65+69
NY73,66+69+70
NY74,66+67+70
NY75,67+70
NY76,67
NY77,67
NY78,67
NY79,67
NY80,65+69
NY81,65+69
NY82,65+66+69
NY83,66+69
NY84,66+67+70
NY85,67
NY86,67
NY87,67
NY88,67
NY89,67
NY90,65
NY91,65
NY92,65+66
NY93,66
NY94,66+67
NY95,66+67
NY96,67
NY97,67
NY98,67
NY99,67+68
HZ,0+112
HZ00,0
HZ01,0
HZ02,0
HZ03,0
HZ04,0
HZ05,0
HZ06,0
HZ07,0
HZ08,0
HZ09,0
HZ10,0
HZ11,0
HZ12,0
HZ13,0
HZ14,0
HZ15,0
HZ16,0+112
HZ17,0+112
HZ18,0
HZ19,0
HZ20,0
HZ21,0
HZ22,0
HZ23,0
HZ24,0
HZ25,0
HZ26,0+112
HZ27,0+112
HZ28,0
HZ29,0
HZ30,0
HZ31,0
HZ32,0
HZ33,0
HZ34,0
HZ35,0
HZ36,0
HZ37,0
HZ38,0
HZ39,0
HZ40,0
HZ41,0
HZ42,0
HZ43,0
HZ44,0
HZ45,0
HZ46,0
HZ47,0
HZ48,0
HZ49,0
HZ50,0
HZ51,0
HZ52,0
HZ53,0
HZ54,0
HZ55,0
HZ56,0
HZ57,0
HZ58,0
HZ59,0
HZ60,0
HZ61,0
HZ62,0
HZ63,0
HZ64,0
HZ65,0
HZ66,0
HZ67,0
HZ68,0
HZ69,0
HZ70,0
HZ71,0
HZ72,0
HZ73,0
HZ74,0
HZ75,0
HZ76,0
HZ77,0
HZ78,0
HZ79,0
HZ80,0
HZ81,0
HZ82,0
HZ83,0
HZ84,0
HZ85,0
HZ86,0
HZ87,0
HZ88,0
HZ89,0
HZ90,0
HZ91,0
HZ92,0
HZ93,0
HZ94,0
HZ95,0
HZ96,0
HZ97,0
HZ98,0
HZ99,0
NK,0+92+93
NK00,0
NK01,0
NK02,0+92+93
NK03,0+93
NK04,93
NK05,0+93
NK06,0+93
NK07,0
NK08,0
NK09,0
NK10,0
NK11,0
NK12,0
NK13,0+93
NK14,0+93
NK15,0+93
NK16,0
NK17,0
NK18,0
NK19,0
NK20,0
NK21,0
NK22,0
NK23,0
NK24,0
NK25,0
NK26,0
NK27,0
NK28,0
NK29,0
NK30,0
NK31,0
NK32,0
NK33,0
NK34,0
NK35,0
NK36,0
NK37,0
NK38,0
NK39,0
NK40,0
NK41,0
NK42,0
NK43,0
NK44,0
NK45,0
NK46,0
NK47,0
NK48,0
NK49,0
NK50,0
NK51,0
NK52,0
NK53,0
NK54,0
NK55,0
NK56,0
NK57,0
NK58,0
NK59,0
NK60,0
NK61,0
NK62,0
NK63,0
NK64,0
NK65,0
NK66,0
NK67,0
NK68,0
NK69,0
NK70,0
NK71,0
NK72,0
NK73,0
NK74,0
NK75,0
NK76,0
NK77,0
NK78,0
NK79,0
NK80,0
NK81,0
NK82,0
NK83,0
NK84,0
NK85,0
NK86,0
NK87,0
NK88,0
NK89,0
NK90,0
NK91,0
NK92,0
NK93,0
NK94,0
NK95,0
NK96,0
NK97,0
NK98,0
NK99,0
HR,0
SX,0+2+3+4
SX00,0
SX01,0
SX02,0
SX03,0+2
SX04,0+2
SX05,0+2
SX06,2
SX07,2
SX08,0+2
SX09,0+2
SX10,0
SX11,0
SX12,0
SX13,0
SX14,0+2
SX15,0+2
SX16,2
SX17,2
SX18,2
SX19,0+2
SX20,0
SX21,0
SX22,0
SX23,0
SX24,0
SX25,0+2
SX26,2
SX27,2
SX28,2+4
SX29,2+4
SX30,0
SX31,0
SX32,0
SX33,0
SX34,0
SX35,0+2
SX36,2
SX37,2+3+4
SX38,2+3+4
SX39,2+4
SX40,0
SX41,0
SX42,0
SX43,0
SX44,0+2+3
SX45,0+2+3
SX46,0+2+3
SX47,2+3
SX48,3+4
SX49,4
SX50,0
SX51,0
SX52,0
SX53,0
SX54,0+3
SX55,0+3
SX56,3
SX57,3
SX58,3+4
SX59,4
SX60,0
SX61,0
SX62,0
SX63,0+3
SX64,0+3
SX65,3
SX66,3
SX67,3
SX68,3+4
SX69,3+4
SX70,0
SX71,0
SX72,0
SX73,0+3
SX74,0+3
SX75,3
SX76,3
SX77,3
SX78,3
SX79,3+4
SX80,0
SX81,0
SX82,0
SX83,0+3
SX84,0+3
SX85,0+3
SX86,0+3
SX87,0+3
SX88,3
SX89,3
SX90,0
SX91,0
SX92,0
SX93,0
SX94,0+3
SX95,0+3
SX96,0+3
SX97,0+3
SX98,0+3
SX99,3
SJ,0+39+40+47+48+50+51+57+58+59
SJ00,47
SJ01,47
SJ02,47+50
SJ03,47+48+50
SJ04,48+50
SJ05,48+50
SJ06,50+51
SJ07,50+51
SJ08,0+50+51
SJ09,0
SJ10,47
SJ11,47
SJ12,47+50
SJ13,48+50
SJ14,48+50
SJ15,50+51
SJ16,50+51
SJ17,0+50+51
SJ18,0+51+58
SJ19,0+58
SJ20,40+47
SJ21,40+47
SJ22,40+47+50
SJ23,40+50
SJ24,50
SJ25,50+51
SJ26,50+51
SJ27,0+51+58
SJ28,0+58
SJ29,0+58+59
SJ30,40
SJ31,40+47
SJ32,40
SJ33,40+50
SJ34,40+50
SJ35,50+51+58
SJ36,50+51+58
SJ37,0+51+58
SJ38,0+58+59
SJ39,0+58+59
SJ40,40
SJ41,40
SJ42,40
SJ43,40+50
SJ44,50+58
SJ45,50+58
SJ46,58
SJ47,0+58
SJ48,0+58+59
SJ49,59
SJ50,40
SJ51,40
SJ52,40
SJ53,40+50
SJ54,40+50+58
SJ55,58
SJ56,58
SJ57,58
SJ58,0+58+59
SJ59,59
SJ60,40
SJ61,40
SJ62,40
SJ63,39+40+58
SJ64,40+58
SJ65,58
SJ66,58
SJ67,58
SJ68,58+59
SJ69,58+59
SJ70,39+40
SJ71,39+40
SJ72,39+40
SJ73,39+40
SJ74,39+40+58
SJ75,39+58
SJ76,58
SJ77,58
SJ78,58
SJ79,58+59
SJ80,39+40
SJ81,39
SJ82,39
SJ83,39
SJ84,39
SJ85,39+58
SJ86,39+58
SJ87,58
SJ88,58+59
SJ89,58+59
SJ90,39
SJ91,39
SJ92,39
SJ93,39
SJ94,39
SJ95,39
SJ96,39+58
SJ97,58
SJ98,57+58
SJ99,57+58+59
NQ,0
NS,0+72+73+75+76+77+83+84+85+86+87+98+99+100
NS00,0+75
NS01,0+100
NS02,0+100
NS03,0+100
NS04,0+100
NS05,0+100
NS06,0+98+100
NS07,0+98+100
NS08,0+98
NS09,0+98
NS10,0+75
NS11,0
NS12,0
NS13,0
NS14,0+75
NS15,0+75+100
NS16,0+75+76+98+100
NS17,0+76+98
NS18,0+98
NS19,0+98
NS20,0+75
NS21,0+75
NS22,0
NS23,0+75
NS24,0+75
NS25,0+75
NS26,0+75+76
NS27,0+75+76
NS28,0+98+99
NS29,0+98+99
NS30,75
NS31,0+75
NS32,0+75
NS33,0+75
NS34,0+75
NS35,75+76
NS36,75+76
NS37,0+76+99
NS38,0+86+99
NS39,86+99
NS40,75
NS41,75
NS42,75
NS43,75
NS44,75+76
NS45,75+76
NS46,76+99
NS47,0+76+86+99
NS48,86+99
NS49,86+87
NS50,73+75
NS51,75
NS52,75
NS53,75+77
NS54,75+76+77
NS55,75+76+77
NS56,76+77+99
NS57,77+86+99
NS58,86
NS59,86+87
NS60,72+73+75
NS61,72+75
NS62,75
NS63,75+77
NS64,75+76+77
NS65,76+77
NS66,76+77
NS67,77+86
NS68,86
NS69,86+87
NS70,72
NS71,72+75+77
NS72,72+75+77
NS73,75+77
NS74,77
NS75,77
NS76,77
NS77,77+86
NS78,86
NS79,86+87
NS80,72+77
NS81,72+77
NS82,72+77
NS83,77
NS84,77
NS85,77
NS86,77+84+86
NS87,77+84+86
NS88,0+86+87
NS89,0+86+87
NS90,72+77
NS91,77
NS92,77
NS93,77
NS94,77
NS95,77+83+84
NS96,77+83+84
NS97,84+86
NS98,0+84+86+87
NS99,85+87
OL,0
HW,0+110
HW00,0
HW01,0
HW02,0
HW03,0
HW04,0
HW05,0
HW06,0
HW07,0
HW08,0
HW09,0
HW10,0
HW11,0
HW12,0
HW13,0
HW14,0
HW15,0
HW16,0
HW17,0
HW18,0
HW19,0
HW20,0
HW21,0
HW22,0
HW23,0
HW24,0
HW25,0
HW26,0
HW27,0
HW28,0
HW29,0
HW30,0
HW31,0
HW32,0
HW33,0
HW34,0
HW35,0
HW36,0
HW37,0
HW38,0
HW39,0
HW40,0
HW41,0
HW42,0
HW43,0
HW44,0
HW45,0
HW46,0
HW47,0
HW48,0
HW49,0
HW50,0
HW51,0
HW52,0
HW53,0
HW54,0
HW55,0
HW56,0
HW57,0
HW58,0
HW59,0
HW60,0
HW61,0
HW62,0+110
HW63,0+110
HW64,0
HW65,0
HW66,0
HW67,0
HW68,0
HW69,0
HW70,0
HW71,0
HW72,0
HW73,0+110
HW74,0
HW75,0
HW76,0
HW77,0
HW78,0
HW79,0
HW80,0
HW81,0
HW82,0
HW83,0+110
HW84,0
HW85,0
HW86,0
HW87,0
HW88,0
HW89,0
HW90,0
HW91,0
HW92,0
HW93,0
HW94,0
HW95,0
HW96,0
HW97,0
HW98,0
HW99,0
ST,0+3+4+5+6+7+8+9+33+34+35+41
ST00,3
ST01,3+4+5
ST02,4+5
ST03,5
ST04,0+5
ST05,0
ST06,0+41
ST07,41
ST08,41
ST09,41
ST10,3
ST11,3+5
ST12,5
ST13,5
ST14,0+5
ST15,0
ST16,0+41
ST17,0+41
ST18,35+41
ST19,35+41
ST20,3+5+9
ST21,3+5
ST22,5
ST23,0+5+6
ST24,0+5+6
ST25,0+5+6
ST26,0+6+41
ST27,0+35+41
ST28,0+35+41
ST29,35
ST30,3+5+9
ST31,5
ST32,5+6
ST33,0+5+6
ST34,0+5+6
ST35,0+6
ST36,0+6
ST37,0+6+35
ST38,0+35
ST39,0+35
ST40,5+9
ST41,5
ST42,5+6
ST43,6
ST44,6
ST45,6
ST46,6
ST47,0+6+35
ST48,0+35
ST49,35
ST50,5+9
ST51,5+9
ST52,5+6
ST53,6
ST54,6
ST55,6
ST56,6
ST57,0+6+34
ST58,0+34+35
ST59,0+34+35
ST60,9
ST61,5+9
ST62,5+6
ST63,6
ST64,6
ST65,6
ST66,6+34
ST67,6+34
ST68,34
ST69,0+34
ST70,9
ST71,5+9
ST72,5+6+9
ST73,5+6+8+9
ST74,6+8
ST75,6+7+8
ST76,6+7+8+34
ST77,6+7+34
ST78,34
ST79,34
ST80,9
ST81,9
ST82,8+9
ST83,6+8+9
ST84,6+8
ST85,6+7+8
ST86,6+7+8
ST87,7+34
ST88,7+34
ST89,7+34
ST90,9
ST91,8+9
ST92,8+9
ST93,8
ST94,8
ST95,8
ST96,7+8
ST97,7
ST98,7+34
ST99,7+33+34
HQ,0
NX,0+70+71+72+73+74+75
NX00,0
NX01,0
NX02,0
NX03,0+74
NX04,0+74
NX05,0+74
NX06,0+74
NX07,0+74+75
NX08,0+75
NX09,0+75
NX10,0
NX11,0
NX12,0
NX13,0+74
NX14,0+74
NX15,0+74
NX16,74
NX17,74+75
NX18,0+75
NX19,0+75
NX20,0
NX21,0
NX22,0
NX23,0
NX24,0+74
NX25,0+74
NX26,74
NX27,74+75
NX28,75
NX29,75
NX30,0+71
NX31,0
NX32,0
NX33,0+74
NX34,0+74
NX35,74
NX36,73+74
NX37,73+74+75
NX38,73+75
NX39,75
NX40,0+71
NX41,0
NX42,0
NX43,0+74
NX44,0+74
NX45,0+73+74
NX46,0+73+74
NX47,73
NX48,73+75
NX49,73+75
NX50,0
NX51,0
NX52,0
NX53,0
NX54,0+73
NX55,0+73
NX56,73
NX57,73
NX58,73
NX59,73+75
NX60,0
NX61,0
NX62,0
NX63,0
NX64,0+73
NX65,0+73
NX66,73
NX67,73
NX68,73
NX69,72+73
NX70,0
NX71,0
NX72,0
NX73,0
NX74,0+73
NX75,73
NX76,73
NX77,73
NX78,72+73
NX79,72+73
NX80,0
NX81,0
NX82,0
NX83,0
NX84,0+73
NX85,0+73
NX86,73
NX87,72+73
NX88,72+73
NX89,72
NX90,0+70
NX91,0+70
NX92,0+70
NX93,0+70
NX94,0
NX95,0+73
NX96,0+72+73
NX97,0+72+73
NX98,72+73
NX99,72
SC,0+71
SC00,0
SC01,0
SC02,0
SC03,0
SC04,0
SC05,0
SC06,0
SC07,0
SC08,0
SC09,0
SC10,0
SC11,0
SC12,0
SC13,0
SC14,0
SC15,0
SC16,0+71
SC17,0+71
SC18,0
SC19,0
SC20,0
SC21,0
SC22,0
SC23,0
SC24,0
SC25,0
SC26,0+71
SC27,0+71
SC28,0+71
SC29,0
SC30,0
SC31,0
SC32,0
SC33,0
SC34,0
SC35,0
SC36,0+71
SC37,0+71
SC38,0+71
SC39,0+71
SC40,0
SC41,0
SC42,0
SC43,0
SC44,0
SC45,0
SC46,0
SC47,0+71
SC48,0+71
SC49,0+71
SC50,0
SC51,0
SC52,0
SC53,0
SC54,0
SC55,0
SC56,0
SC57,0
SC58,0
SC59,0
SC60,0
SC61,0
SC62,0
SC63,0
SC64,0
SC65,0
SC66,0
SC67,0
SC68,0
SC69,0
SC70,0
SC71,0
SC72,0
SC73,0
SC74,0
SC75,0
SC76,0
SC77,0
SC78,0
SC79,0
SC80,0
SC81,0
SC82,0
SC83,0
SC84,0
SC85,0
SC86,0
SC87,0
SC88,0
SC89,0
SC90,0
SC91,0
SC92,0
SC93,0
SC94,0
SC95,0
SC96,0
SC97,0
SC98,0
SC99,0
NL,0+103+110
NL00,0
NL01,0
NL02,0
NL03,0
NL04,0
NL05,0
NL06,0
NL07,0
NL08,0
NL09,0
NL10,0
NL11,0
NL12,0
NL13,0
NL14,0
NL15,0
NL16,0
NL17,0
NL18,0
NL19,0
NL20,0
NL21,0
NL22,0
NL23,0
NL24,0
NL25,0
NL26,0
NL27,0
NL28,0
NL29,0
NL30,0
NL31,0
NL32,0
NL33,0
NL34,0
NL35,0
NL36,0
NL37,0
NL38,0
NL39,0
NL40,0
NL41,0
NL42,0
NL43,0
NL44,0
NL45,0
NL46,0
NL47,0
NL48,0
NL49,0
NL50,0
NL51,0
NL52,0
NL53,0
NL54,0
NL55,0
NL56,0
NL57,0+110
NL58,0+110
NL59,0
NL60,0
NL61,0
NL62,0
NL63,0
NL64,0
NL65,0
NL66,0
NL67,0
NL68,0+110
NL69,0+110
NL70,0
NL71,0
NL72,0
NL73,0
NL74,0
NL75,0
NL76,0
NL77,0
NL78,0
NL79,0+110
NL80,0
NL81,0
NL82,0
NL83,0
NL84,0
NL85,0
NL86,0
NL87,0
NL88,0
NL89,0
NL90,0
NL91,0
NL92,0
NL93,0+103
NL94,0+103
NL95,0
NL96,0
NL97,0
NL98,0
NL99,0
TG,0+25+27+28
TG00,27+28
TG01,27+28
TG02,27+28
TG03,27+28
TG04,0+27+28
TG05,0
TG06,0
TG07,0
TG08,0
TG09,0
TG10,27
TG11,27
TG12,27
TG13,27
TG14,0+27
TG15,0
TG16,0
TG17,0
TG18,0
TG19,0
TG20,27
TG21,27
TG22,27
TG23,0+27
TG24,0+27
TG25,0
TG26,0
TG27,0
TG28,0
TG29,0
TG30,27
TG31,27
TG32,0+27
TG33,0+27
TG34,0
TG35,0
TG36,0
TG37,0
TG38,0
TG39,0
TG40,25+27
TG41,0+27
TG42,0+27
TG43,0
TG44,0
TG45,0
TG46,0
TG47,0
TG48,0
TG49,0
TG50,0+25+27
TG51,0+27
TG52,0
TG53,0
TG54,0
TG55,0
TG56,0
TG57,0
TG58,0
TG59,0
TG60,0
TG61,0
TG62,0
TG63,0
TG64,0
TG65,0
TG66,0
TG67,0
TG68,0
TG69,0
TG70,0
TG71,0
TG72,0
TG73,0
TG74,0
TG75,0
TG76,0
TG77,0
TG78,0
TG79,0
TG80,0
TG81,0
TG82,0
TG83,0
TG84,0
TG85,0
TG86,0
TG87,0
TG88,0
TG89,0
TG90,0
TG91,0
TG92,0
TG93,0
TG94,0
TG95,0
TG96,0
TG97,0
TG98,0
TG99,0
NC,0+105+106+107+108+109
NC00,0+105
NC01,0+105+108
NC02,0+108
NC03,0+108
NC04,0
NC05,0
NC06,0
NC07,0
NC08,0
NC09,0
NC10,0+105+106+108
NC11,105+108
NC12,108
NC13,0+108
NC14,0+108
NC15,0+108
NC16,0+108
NC17,0
NC18,0
NC19,0
NC20,105+106+108
NC21,105+106+108
NC22,0+107+108
NC23,0+108
NC24,0+108
NC25,0+108
NC26,0+108
NC27,0+108
NC28,0
NC29,0
NC30,106+107
NC31,106+107+108
NC32,107+108
NC33,107+108
NC34,108
NC35,0+108
NC36,0+108
NC37,0+108
NC38,0
NC39,0
NC40,106+107
NC41,107
NC42,107+108
NC43,107+108
NC44,108
NC45,0+108
NC46,0+108
NC47,0
NC48,0
NC49,0
NC50,107
NC51,107
NC52,107+108
NC53,108
NC54,108
NC55,0+108
NC56,0+108
NC57,0
NC58,0
NC59,0
NC60,107
NC61,107
NC62,107+108
NC63,107+108
NC64,108
NC65,0+108
NC66,0+108
NC67,0
NC68,0
NC69,0
NC70,107
NC71,107
NC72,107
NC73,107+108
NC74,107+108
NC75,108
NC76,0+108
NC77,0
NC78,0
NC79,0
NC80,0+107
NC81,107
NC82,107
NC83,107+108
NC84,107+108
NC85,108
NC86,0+108
NC87,0
NC88,0
NC89,0
NC90,0+107
NC91,0+107
NC92,107+109
NC93,107+108+109
NC94,108+109
NC95,108+109
NC96,0+108+109
NC97,0
NC98,0
NC99,0
HS,0
SE,0+54+56+58+61+62+63+64+65
SE00,58+63
SE01,63
SE02,63
SE03,63
SE04,63+64
SE05,64
SE06,64
SE07,64+65
SE08,65
SE09,65
SE10,58+63
SE11,63
SE12,63
SE13,63+64
SE14,63+64
SE15,64
SE16,64
SE17,64+65
SE18,65
SE19,65
SE20,63
SE21,63
SE22,63
SE23,63+64
SE24,64
SE25,64
SE26,64
SE27,64+65
SE28,65
SE29,65
SE30,63
SE31,63
SE32,63+64
SE33,63+64
SE34,64
SE35,64
SE36,64+65
SE37,62+64+65
SE38,62+65
SE39,62+65
SE40,63
SE41,63
SE42,63+64
SE43,64
SE44,64
SE45,62+64
SE46,62+64+65
SE47,62+65
SE48,62
SE49,62
SE50,63
SE51,63
SE52,63+64
SE53,61+64
SE54,61+64
SE55,62+64
SE56,62+64
SE57,62
SE58,62
SE59,62
SE60,54+56+63
SE61,63
SE62,0+61+63+64
SE63,61+64
SE64,61+62+64
SE65,61+62+64
SE66,62
SE67,62
SE68,62
SE69,62
SE70,54+56+63
SE71,54+63
SE72,0+61+63+64
SE73,61
SE74,61
SE75,61+62
SE76,61+62
SE77,62
SE78,62
SE79,62
SE80,0+54
SE81,0+54+63
SE82,0+54+61+63
SE83,61
SE84,61
SE85,61
SE86,61+62
SE87,61+62
SE88,62
SE89,62
SE90,54
SE91,54
SE92,0+54+61
SE93,61
SE94,61
SE95,61
SE96,61
SE97,61+62
SE98,61+62
SE99,62
JM,0
NA,0+110
NA00,0+110
NA01,0
NA02,0
NA03,0
NA04,0
NA05,0
NA06,0
NA07,0
NA08,0
NA09,0
NA10,0+110
NA11,0
NA12,0
NA13,0
NA14,0
NA15,0
NA16,0
NA17,0
NA18,0
NA19,0
NA20,0
NA21,0
NA22,0
NA23,0
NA24,0
NA25,0
NA26,0
NA27,0
NA28,0
NA29,0
NA30,0
NA31,0
NA32,0
NA33,0
NA34,0
NA35,0
NA36,0
NA37,0
NA38,0
NA39,0
NA40,0
NA41,0
NA42,0
NA43,0
NA44,0
NA45,0
NA46,0
NA47,0
NA48,0
NA49,0
NA50,0
NA51,0
NA52,0
NA53,0
NA54,0
NA55,0
NA56,0
NA57,0
NA58,0
NA59,0
NA60,0
NA61,0
NA62,0
NA63,0
NA64,0
NA65,0
NA66,0
NA67,0
NA68,0
NA69,0
NA70,0
NA71,0
NA72,0
NA73,0
NA74,0
NA75,0
NA76,0
NA77,0
NA78,0
NA79,0
NA80,0
NA81,0+110
NA82,0
NA83,0
NA84,0
NA85,0
NA86,0
NA87,0
NA88,0
NA89,0
NA90,0+110
NA91,0+110
NA92,0+110
NA93,0+110
NA94,0
NA95,0
NA96,0
NA97,0
NA98,0
NA99,0
OA,0
TV,0+14
TV00,0
TV01,0
TV02,0
TV03,0
TV04,0
TV05,0
TV06,0
TV07,0
TV08,0
TV09,0
TV10,0
TV11,0
TV12,0
TV13,0
TV14,0
TV15,0
TV16,0
TV17,0
TV18,0
TV19,0
TV20,0
TV21,0
TV22,0
TV23,0
TV24,0
TV25,0
TV26,0
TV27,0
TV28,0
TV29,0
TV30,0
TV31,0
TV32,0
TV33,0
TV34,0
TV35,0
TV36,0
TV37,0
TV38,0
TV39,0
TV40,0
TV41,0
TV42,0
TV43,0
TV44,0
TV45,0
TV46,0
TV47,0
TV48,0
TV49,0+14
TV50,0
TV51,0
TV52,0
TV53,0
TV54,0
TV55,0
TV56,0
TV57,0
TV58,0
TV59,0+14
TV60,0
TV61,0
TV62,0
TV63,0
TV64,0
TV65,0
TV66,0
TV67,0
TV68,0
TV69,0+14
TV70,0
TV71,0
TV72,0
TV73,0
TV74,0
TV75,0
TV76,0
TV77,0
TV78,0
TV79,0
TV80,0
TV81,0
TV82,0
TV83,0
TV84,0
TV85,0
TV86,0
TV87,0
TV88,0
TV89,0
TV90,0
TV91,0
TV92,0
TV93,0
TV94,0
TV95,0
TV96,0
TV97,0
TV98,0
TV99,0
OR,0
OV,0+62
OV00,0+62
OV01,0
OV02,0
OV03,0
OV04,0
OV05,0
OV06,0
OV07,0
OV08,0
OV09,0
OV10,0
OV11,0
OV12,0
OV13,0
OV14,0
OV15,0
OV16,0
OV17,0
OV18,0
OV19,0
OV20,0
OV21,0
OV22,0
OV23,0
OV24,0
OV25,0
OV26,0
OV27,0
OV28,0
OV29,0
OV30,0
OV31,0
OV32,0
OV33,0
OV34,0
OV35,0
OV36,0
OV37,0
OV38,0
OV39,0
OV40,0
OV41,0
OV42,0
OV43,0
OV44,0
OV45,0
OV46,0
OV47,0
OV48,0
OV49,0
OV50,0
OV51,0
OV52,0
OV53,0
OV54,0
OV55,0
OV56,0
OV57,0
OV58,0
OV59,0
OV60,0
OV61,0
OV62,0
OV63,0
OV64,0
OV65,0
OV66,0
OV67,0
OV68,0
OV69,0
OV70,0
OV71,0
OV72,0
OV73,0
OV74,0
OV75,0
OV76,0
OV77,0
OV78,0
OV79,0
OV80,0
OV81,0
OV82,0
OV83,0
OV84,0
OV85,0
OV86,0
OV87,0
OV88,0
OV89,0
OV90,0
OV91,0
OV92,0
OV93,0
OV94,0
OV95,0
OV96,0
OV97,0
OV98,0
OV99,0
SP,7+20+22+23+24+30+32+33+37+38+39+55
SP00,7+33
SP01,33
SP02,33
SP03,33+37
SP04,33+37+38
SP05,37+38
SP06,37+38
SP07,37+38
SP08,37+38+39
SP09,38+39
SP10,7+23+33
SP11,33
SP12,33
SP13,33+37
SP14,33+37+38
SP15,33+38
SP16,37+38
SP17,37+38
SP18,37+38
SP19,38+39
SP20,22+23+33
SP21,23+33
SP22,23+33+38
SP23,23+33+38
SP24,33+38
SP25,33+38
SP26,38
SP27,38
SP28,38
SP29,38+39+55
SP30,22+23
SP31,23
SP32,23
SP33,23+38
SP34,23+38
SP35,38
SP36,38
SP37,38
SP38,38
SP39,38+55
SP40,22+23
SP41,22+23
SP42,23
SP43,23+32
SP44,23+32+38
SP45,23+32+38
SP46,32+38
SP47,38
SP48,38+55
SP49,38+55
SP50,22+23
SP51,23+24
SP52,23
SP53,23+24+32
SP54,23+32
SP55,32+38
SP56,32+38
SP57,32+38+55
SP58,32+38+55
SP59,55
SP60,23+24
SP61,23+24
SP62,23+24
SP63,23+24+32
SP64,24+32
SP65,32
SP66,32
SP67,32
SP68,32+55
SP69,55
SP70,23+24
SP71,24
SP72,24
SP73,24+32
SP74,24+32
SP75,32
SP76,32
SP77,32
SP78,32+55
SP79,32+55
SP80,24
SP81,20+24
SP82,24
SP83,24
SP84,24+32
SP85,24+32
SP86,32
SP87,32
SP88,32
SP89,32+55
SP90,20+24
SP91,20+24+30
SP92,24+30
SP93,24+30
SP94,24+30
SP95,24+30+32
SP96,30+32
SP97,32
SP98,32
SP99,32+55
OG,0
JQ,0
SZ,0+9+10+11+13
SZ00,0
SZ01,0
SZ02,0
SZ03,0
SZ04,0
SZ05,0
SZ06,0
SZ07,0+9
SZ08,0+9+11
SZ09,0+9+11
SZ10,0
SZ11,0
SZ12,0
SZ13,0
SZ14,0
SZ15,0
SZ16,0
SZ17,0
SZ18,0
SZ19,0+11
SZ20,0
SZ21,0
SZ22,0
SZ23,0
SZ24,0
SZ25,0
SZ26,0
SZ27,0
SZ28,0+10
SZ29,0+11
SZ30,0
SZ31,0
SZ32,0
SZ33,0
SZ34,0
SZ35,0
SZ36,0
SZ37,0
SZ38,0+10+11
SZ39,0+10+11
SZ40,0
SZ41,0
SZ42,0
SZ43,0
SZ44,0
SZ45,0
SZ46,0
SZ47,0+10
SZ48,0+10
SZ49,0+10+11
SZ50,0
SZ51,0
SZ52,0
SZ53,0
SZ54,0
SZ55,0
SZ56,0
SZ57,0+10
SZ58,0+10
SZ59,0+10+11
SZ60,0
SZ61,0
SZ62,0
SZ63,0
SZ64,0
SZ65,0
SZ66,0
SZ67,0
SZ68,0+10
SZ69,0+10+11
SZ70,0
SZ71,0
SZ72,0
SZ73,0
SZ74,0
SZ75,0
SZ76,0
SZ77,0
SZ78,0
SZ79,0+11+13
SZ80,0
SZ81,0
SZ82,0
SZ83,0
SZ84,0
SZ85,0
SZ86,0
SZ87,0
SZ88,0
SZ89,0+13
SZ90,0
SZ91,0
SZ92,0
SZ93,0
SZ94,0
SZ95,0
SZ96,0
SZ97,0
SZ98,0
SZ99,0+13
OQ,0
SB,0
NN,0+86+87+88+89+92+94+96+97+98+99
NN00,0+98
NN01,98
NN02,98
NN03,0+98
NN04,0+98
NN05,0+97+98
NN06,0+97
NN07,0+97
NN08,97
NN09,97
NN10,0+98
NN11,0+98
NN12,98
NN13,98
NN14,0+98
NN15,0+98
NN16,0+97+98
NN17,0+97
NN18,97
NN19,97
NN20,0+98+99
NN21,87+98+99
NN22,87+88+98
NN23,88+98
NN24,98
NN25,98
NN26,97+98
NN27,97
NN28,97
NN29,97
NN30,86+87+98+99
NN31,86+87+99
NN32,87+88
NN33,88+98
NN34,88+98
NN35,88+97+98
NN36,97+98
NN37,97
NN38,97
NN39,96+97
NN40,86+87
NN41,86+87
NN42,87+88
NN43,88
NN44,88+98
NN45,88+98
NN46,88+96+97+98
NN47,88+96+97
NN48,96+97
NN49,96+97
NN50,87
NN51,87+88
NN52,87+88
NN53,88
NN54,88
NN55,88
NN56,88+89+96
NN57,88+89+96+97
NN58,96+97
NN59,96+97
NN60,87
NN61,87+88
NN62,88
NN63,88
NN64,88
NN65,88
NN66,88+89
NN67,88+89+96
NN68,89+96
NN69,96
NN70,87
NN71,87+88
NN72,88
NN73,88
NN74,88
NN75,88
NN76,88+89
NN77,88+89+96
NN78,89+96
NN79,96
NN80,87
NN81,87+88
NN82,88
NN83,88
NN84,88
NN85,88
NN86,88+89
NN87,89
NN88,89+96
NN89,96
NN90,87+88
NN91,87+88
NN92,88
NN93,88
NN94,88+89
NN95,88+89
NN96,88+89
NN97,89
NN98,89+92+96
NN99,92+94+96
TM,0+18+19+25+26+27+28
TM00,0+18
TM01,0+19
TM02,0+19
TM03,0+19+25+26
TM04,25+26
TM05,25+26
TM06,25+26
TM07,25+26+27+28
TM08,25+26+27+28
TM09,27+28
TM10,0
TM11,0+19
TM12,0+19
TM13,0+19+25
TM14,0+25
TM15,25
TM16,25
TM17,25+27
TM18,27
TM19,27
TM20,0
TM21,0+19
TM22,0+19
TM23,0+19+25
TM24,0+25
TM25,0+25
TM26,25
TM27,25+27
TM28,25+27
TM29,27
TM30,0
TM31,0
TM32,0
TM33,0+25
TM34,0+25
TM35,0+25
TM36,25
TM37,25
TM38,25+27
TM39,25+27
TM40,0
TM41,0
TM42,0
TM43,0
TM44,0+25
TM45,0+25
TM46,0+25
TM47,0+25
TM48,25
TM49,25+27
TM50,0
TM51,0
TM52,0
TM53,0
TM54,0
TM55,0
TM56,0
TM57,0+25
TM58,0+25
TM59,0+25+27
TM60,0
TM61,0
TM62,0
TM63,0
TM64,0
TM65,0
TM66,0
TM67,0
TM68,0
TM69,0
TM70,0
TM71,0
TM72,0
TM73,0
TM74,0
TM75,0
TM76,0
TM77,0
TM78,0
TM79,0
TM80,0
TM81,0
TM82,0
TM83,0
TM84,0
TM85,0
TM86,0
TM87,0
TM88,0
TM89,0
TM90,0
TM91,0
TM92,0
TM93,0
TM94,0
TM95,0
TM96,0
TM97,0
TM98,0
TM99,0
SM,0+45
SM00,0
SM01,0
SM02,0
SM03,0
SM04,0
SM05,0
SM06,0
SM07,0
SM08,0
SM09,0
SM10,0
SM11,0
SM12,0
SM13,0
SM14,0
SM15,0
SM16,0
SM17,0
SM18,0
SM19,0
SM20,0
SM21,0
SM22,0
SM23,0
SM24,0
SM25,0
SM26,0
SM27,0
SM28,0
SM29,0
SM30,0
SM31,0
SM32,0
SM33,0
SM34,0
SM35,0
SM36,0
SM37,0
SM38,0
SM39,0
SM40,0+45
SM41,0
SM42,0
SM43,0
SM44,0
SM45,0
SM46,0
SM47,0
SM48,0
SM49,0
SM50,0+45
SM51,0
SM52,0
SM53,0
SM54,0
SM55,0
SM56,0
SM57,0
SM58,0
SM59,0
SM60,0+45
SM61,0
SM62,0+45
SM63,0
SM64,0
SM65,0
SM66,0
SM67,0
SM68,0
SM69,0
SM70,0+45
SM71,0+45
SM72,0+45
SM73,0+45
SM74,0
SM75,0
SM76,0
SM77,0
SM78,0
SM79,0
SM80,0+45
SM81,0+45
SM82,0+45
SM83,0+45
SM84,0+45
SM85,0
SM86,0
SM87,0
SM88,0
SM89,0
SM90,0+45
SM91,0+45
SM92,45
SM93,0+45
SM94,0+45
SM95,0
SM96,0
SM97,0
SM98,0
SM99,0
HV,0
SS,0+2+3+4+5+41+44+45
SS00,0
SS01,0
SS02,0
SS03,0
SS04,0
SS05,0
SS06,0
SS07,0
SS08,0
SS09,0+45
SS10,0+2
SS11,0+2
SS12,0
SS13,0
SS14,0+4
SS15,0
SS16,0
SS17,0
SS18,0
SS19,0+45
SS20,0+2+4
SS21,0+2+4
SS22,0+4
SS23,0
SS24,0
SS25,0
SS26,0
SS27,0
SS28,0
SS29,0
SS30,2+4
SS31,4
SS32,0+4
SS33,0
SS34,0
SS35,0
SS36,0
SS37,0
SS38,0+41
SS39,0+41+44
SS40,4
SS41,4
SS42,0+4
SS43,0+4
SS44,0+4
SS45,0
SS46,0
SS47,0
SS48,0+41
SS49,0+41+44
SS50,4
SS51,4
SS52,4
SS53,0+4
SS54,0+4
SS55,0
SS56,0
SS57,0
SS58,0+41
SS59,0+41+44
SS60,4
SS61,4
SS62,4
SS63,4
SS64,0+4
SS65,0
SS66,0
SS67,0
SS68,0+41
SS69,0+41
SS70,3+4
SS71,4
SS72,4
SS73,4+5
SS74,0+4+5
SS75,0+4
SS76,0
SS77,0+41
SS78,0+41
SS79,0+41
SS80,3+4
SS81,3+4
SS82,4+5
SS83,4+5
SS84,0+4+5
SS85,0
SS86,0
SS87,0+41
SS88,41
SS89,41
SS90,3+4
SS91,3+4
SS92,4+5
SS93,5
SS94,0+5
SS95,0
SS96,0+41
SS97,0+41
SS98,41
SS99,41
NV,0
JR,0
TL,0+18+19+20+21+24+26+28+29+30+31+32
TL00,20+24
TL01,20+24+30
TL02,20+30
TL03,20+30
TL04,30
TL05,30
TL06,30+31+32
TL07,30+31+32
TL08,31+32
TL09,31+32
TL10,20
TL11,20+30
TL12,20+30
TL13,20+30
TL14,30
TL15,29+30+31
TL16,30+31
TL17,31
TL18,31+32
TL19,29+31+32
TL20,20+21
TL21,20
TL22,20
TL23,20+29+30
TL24,20+29+30
TL25,29+30+31
TL26,29+31
TL27,31
TL28,29+31
TL29,29+31+32
TL30,18+19+20+21
TL31,19+20
TL32,20
TL33,20+29
TL34,19+20+29
TL35,29
TL36,29+31
TL37,29+31
TL38,29+31
TL39,29+31
TL40,18+19
TL41,19+20
TL42,19+20
TL43,19+20
TL44,19+20+29
TL45,29
TL46,29
TL47,29
TL48,29
TL49,28+29
TL50,18+19
TL51,19+20
TL52,19+20
TL53,19
TL54,19+29
TL55,29
TL56,26+29
TL57,29
TL58,29
TL59,28+29
TL60,18+19
TL61,19
TL62,19
TL63,19+29
TL64,19+26+29
TL65,26+29
TL66,26+29
TL67,26+29
TL68,26+28+29
TL69,28+29
TL70,18+19
TL71,19
TL72,19
TL73,19
TL74,19+26
TL75,26+29
TL76,26+29
TL77,26
TL78,26+28
TL79,28
TL80,0+18+19
TL81,19
TL82,19
TL83,19+26
TL84,19+26
TL85,26
TL86,26
TL87,26+28
TL88,26+28
TL89,28
TL90,0+18+19
TL91,0+19
TL92,19
TL93,19+26
TL94,26
TL95,26
TL96,26
TL97,26
TL98,26+28
TL99,28
SK,32+38+39+53+54+55+56+57+58+63
SK00,38+39
SK01,39
SK02,39
SK03,39+57
SK04,39
SK05,39
SK06,39+57+58
SK07,57+58
SK08,57+58
SK09,57+58
SK10,38+39
SK11,39+57
SK12,39+57
SK13,39+57
SK14,39+57
SK15,39+57
SK16,39+57
SK17,57
SK18,57+63
SK19,57+58+63
SK20,38+39+55
SK21,38+39+55+57
SK22,39+57
SK23,57
SK24,57
SK25,57
SK26,57
SK27,57
SK28,57+63
SK29,63
SK30,38+55
SK31,55+57
SK32,55+57
SK33,57
SK34,57
SK35,57
SK36,57
SK37,57
SK38,57+63
SK39,63
SK40,55
SK41,55
SK42,55+56+57
SK43,55+56+57
SK44,56+57
SK45,56+57
SK46,56+57
SK47,57+63
SK48,57+63
SK49,63
SK50,55
SK51,55
SK52,55+56
SK53,56+57
SK54,56
SK55,56
SK56,56+57
SK57,56+57+63
SK58,56+63
SK59,56+63
SK60,55
SK61,55
SK62,55+56
SK63,56
SK64,56
SK65,56
SK66,56
SK67,56
SK68,56
SK69,56+63
SK70,55
SK71,55
SK72,55+56
SK73,55+56
SK74,55+56
SK75,56
SK76,56
SK77,56
SK78,54+56
SK79,54+56
SK80,55
SK81,53+55
SK82,53+55
SK83,53+55
SK84,53+55+56
SK85,53+56
SK86,53+56
SK87,53+54+56
SK88,54+56
SK89,54+56
SK90,32+53+55
SK91,53+55
SK92,53
SK93,53
SK94,53
SK95,53
SK96,53
SK97,53+54+56
SK98,54
SK99,54
